{"v":"4.5.7","fr":30,"ip":0,"op":181,"w":300,"h":300,"ddd":0,"assets":[],"layers":[{"ddd":0,"ind":0,"ty":4,"nm":"Video-Cam","ks":{"o":{"a":0,"k":100},"r":{"a":0,"k":0},"p":{"a":0,"k":[150,150,0]},"a":{"a":0,"k":[960,540,0]},"s":{"a":0,"k":[100,100,100]}},"ao":0,"shapes":[{"ty":"gr","it":[{"ty":"gr","it":[{"ind":0,"ty":"sh","ks":{"a":0,"k":{"i":[[0,0],[0,0],[-8.498,2.063],[0,0]],"o":[[0,0],[0,0],[0,0],[-8.498,-2.065]],"v":[[-4.208,-10.059],[-4.208,10.058],[4.249,15.279],[4.249,-15.276]],"c":true}},"nm":"Path 1","mn":"ADBE Vector Shape - Group"},{"ty":"st","c":{"a":0,"k":[0.24,0.26,0.28,1]},"o":{"a":0,"k":100},"w":{"a":0,"k":3},"lc":2,"lj":2,"nm":"Stroke 1","mn":"ADBE Vector Graphic - Stroke"},{"ty":"tr","p":{"a":0,"k":[992.161,556.08],"ix":2},"a":{"a":0,"k":[-4.125,0],"ix":1},"s":{"a":1,"k":[{"i":{"x":[0.833,0.833],"y":[0.833,0.833]},"o":{"x":[1,1],"y":[0.013,0.009]},"n":["0p833_0p833_1_0p013","0p833_0p833_1_0p009"],"t":44,"s":[29,0],"e":[100,100]},{"t":54}],"x":"var $bm_rt;\nvar amp, freq, decay, n, n, t, t, v;\namp = 0.035;\nfreq = 1.5;\ndecay = 5.5;\n$bm_rt = n = 0;\nif (numKeys > 0) {\n    $bm_rt = n = nearestKey(time).index;\n    if (key(n).time > time) {\n        n--;\n    }\n}\nif (n == 0) {\n    $bm_rt = t = 0;\n} else {\n    $bm_rt = t = sub(time, key(n).time);\n}\nif (n > 0) {\n    v = velocityAtTime(sub(key(n).time, div(thisComp.frameDuration, 10)));\n    $bm_rt = sum(value, div(mul(mul(v, amp), Math.sin(mul(mul(mul(freq, t), 2), Math.PI))), Math.exp(mul(decay, t))));\n} else {\n    $bm_rt = value;\n}","ix":3},"r":{"a":0,"k":0,"ix":6},"o":{"a":0,"k":100,"ix":7},"sk":{"a":0,"k":0,"ix":4},"sa":{"a":0,"k":0,"ix":5},"nm":"Transform"}],"nm":"Group 2","np":2,"mn":"ADBE Vector Group"},{"ty":"gr","it":[{"ind":0,"ty":"sh","ks":{"a":0,"k":{"i":[[0,0],[0,0],[0,0],[0,0]],"o":[[0,0],[0,0],[0,0],[0,0]],"v":[[3.48,10.059],[-3.481,10.059],[-3.481,-10.058],[3.48,-10.058]],"c":true}},"nm":"Path 1","mn":"ADBE Vector Shape - Group"},{"ty":"st","c":{"a":0,"k":[0.24,0.26,0.28,1]},"o":{"a":0,"k":100},"w":{"a":0,"k":3},"lc":2,"lj":2,"nm":"Stroke 1","mn":"ADBE Vector Graphic - Stroke"},{"ty":"tr","p":{"a":0,"k":[985.098,556.08],"ix":2},"a":{"a":0,"k":[-3.5,0],"ix":1},"s":{"a":1,"k":[{"i":{"x":[0.833,0.833],"y":[0.833,0.833]},"o":{"x":[1,1],"y":[0.013,0.009]},"n":["0p833_0p833_1_0p013","0p833_0p833_1_0p009"],"t":38,"s":[29,0],"e":[100,100]},{"t":48}],"x":"var $bm_rt;\nvar amp, freq, decay, n, n, t, t, v;\namp = 0.035;\nfreq = 1.5;\ndecay = 5.5;\n$bm_rt = n = 0;\nif (numKeys > 0) {\n    $bm_rt = n = nearestKey(time).index;\n    if (key(n).time > time) {\n        n--;\n    }\n}\nif (n == 0) {\n    $bm_rt = t = 0;\n} else {\n    $bm_rt = t = sub(time, key(n).time);\n}\nif (n > 0) {\n    v = velocityAtTime(sub(key(n).time, div(thisComp.frameDuration, 10)));\n    $bm_rt = sum(value, div(mul(mul(v, amp), Math.sin(mul(mul(mul(freq, t), 2), Math.PI))), Math.exp(mul(decay, t))));\n} else {\n    $bm_rt = value;\n}","ix":3},"r":{"a":0,"k":0,"ix":6},"o":{"a":0,"k":100,"ix":7},"sk":{"a":0,"k":0,"ix":4},"sa":{"a":0,"k":0,"ix":5},"nm":"Transform"}],"nm":"Group 3","np":2,"mn":"ADBE Vector Group"},{"ty":"tr","p":{"a":0,"k":[992.826,556.081],"ix":2},"a":{"a":0,"k":[992.826,556.081],"ix":1},"s":{"a":0,"k":[100,100],"ix":3},"r":{"a":0,"k":0,"ix":6},"o":{"a":0,"k":100,"ix":7},"sk":{"a":0,"k":0,"ix":4},"sa":{"a":0,"k":0,"ix":5},"nm":"Transform"}],"nm":"lense","np":2,"mn":"ADBE Vector Group"},{"ty":"gr","it":[{"ty":"gr","it":[{"ind":0,"ty":"sh","ks":{"a":0,"k":{"i":[[0,0],[0,1.607],[0,0],[1.608,0]],"o":[[1.608,0],[0,0],[0,-1.61],[0,0]],"v":[[-1.456,7.769],[1.456,4.857],[1.456,-4.856],[-1.456,-7.769]],"c":true}},"nm":"Path 1","mn":"ADBE Vector Shape - Group"},{"ty":"st","c":{"a":0,"k":[0.24,0.26,0.28,1]},"o":{"a":0,"k":100},"w":{"a":0,"k":3},"lc":2,"lj":2,"nm":"Stroke 1","mn":"ADBE Vector Graphic - Stroke"},{"ty":"tr","p":{"a":0,"k":[922.528,546.023],"ix":2},"a":{"a":0,"k":[1.347,0],"ix":1},"s":{"a":1,"k":[{"i":{"x":[0.833,0.833],"y":[0.833,0.833]},"o":{"x":[1,1],"y":[0,0]},"n":["0p833_0p833_1_0","0p833_0p833_1_0"],"t":41,"s":[0,0],"e":[100,100]},{"t":56}],"x":"var $bm_rt;\nvar amp, freq, decay, n, n, t, t, v;\namp = 0.035;\nfreq = 1.5;\ndecay = 5.5;\n$bm_rt = n = 0;\nif (numKeys > 0) {\n    $bm_rt = n = nearestKey(time).index;\n    if (key(n).time > time) {\n        n--;\n    }\n}\nif (n == 0) {\n    $bm_rt = t = 0;\n} else {\n    $bm_rt = t = sub(time, key(n).time);\n}\nif (n > 0) {\n    v = velocityAtTime(sub(key(n).time, div(thisComp.frameDuration, 10)));\n    $bm_rt = sum(value, div(mul(mul(v, amp), Math.sin(mul(mul(mul(freq, t), 2), Math.PI))), Math.exp(mul(decay, t))));\n} else {\n    $bm_rt = value;\n}","ix":3},"r":{"a":0,"k":0,"ix":6},"o":{"a":0,"k":100,"ix":7},"sk":{"a":0,"k":0,"ix":4},"sa":{"a":0,"k":0,"ix":5},"nm":"Transform"}],"nm":"Group 4","np":2,"mn":"ADBE Vector Group"},{"ty":"gr","it":[{"ind":0,"ty":"sh","ks":{"a":0,"k":{"i":[[0,0],[0,0],[0,0],[0,0]],"o":[[0,0],[0,0],[0,0],[0,0]],"v":[[-2.792,3.479],[2.792,3.479],[2.792,-3.479],[-2.792,-3.479]],"c":true}},"nm":"Path 1","mn":"ADBE Vector Shape - Group"},{"ty":"st","c":{"a":0,"k":[0.24,0.26,0.28,1]},"o":{"a":0,"k":100},"w":{"a":0,"k":3},"lc":2,"lj":2,"nm":"Stroke 1","mn":"ADBE Vector Graphic - Stroke"},{"ty":"tr","p":{"a":0,"k":[928.339,546.75],"ix":2},"a":{"a":0,"k":[2.832,0],"ix":1},"s":{"a":1,"k":[{"i":{"x":[0.833,0.833],"y":[0.833,0.833]},"o":{"x":[1,1],"y":[0,0]},"n":["0p833_0p833_1_0","0p833_0p833_1_0"],"t":36,"s":[0,0],"e":[100,100]},{"t":51}],"x":"var $bm_rt;\nvar amp, freq, decay, n, n, t, t, v;\namp = 0.035;\nfreq = 1.5;\ndecay = 5.5;\n$bm_rt = n = 0;\nif (numKeys > 0) {\n    $bm_rt = n = nearestKey(time).index;\n    if (key(n).time > time) {\n        n--;\n    }\n}\nif (n == 0) {\n    $bm_rt = t = 0;\n} else {\n    $bm_rt = t = sub(time, key(n).time);\n}\nif (n > 0) {\n    v = velocityAtTime(sub(key(n).time, div(thisComp.frameDuration, 10)));\n    $bm_rt = sum(value, div(mul(mul(v, amp), Math.sin(mul(mul(mul(freq, t), 2), Math.PI))), Math.exp(mul(decay, t))));\n} else {\n    $bm_rt = value;\n}","ix":3},"r":{"a":0,"k":0,"ix":6},"o":{"a":0,"k":100,"ix":7},"sk":{"a":0,"k":0,"ix":4},"sa":{"a":0,"k":0,"ix":5},"nm":"Transform"}],"nm":"Group 5","np":2,"mn":"ADBE Vector Group"},{"ty":"tr","p":{"a":0,"k":[923.945,546.023],"ix":2},"a":{"a":0,"k":[923.945,546.023],"ix":1},"s":{"a":0,"k":[100,100],"ix":3},"r":{"a":0,"k":0,"ix":6},"o":{"a":0,"k":100,"ix":7},"sk":{"a":0,"k":0,"ix":4},"sa":{"a":0,"k":0,"ix":5},"nm":"Transform"}],"nm":"eye","np":2,"mn":"ADBE Vector Group"},{"ty":"gr","it":[{"ty":"gr","it":[{"ty":"gr","it":[{"ty":"gr","it":[{"ind":0,"ty":"sh","ks":{"a":0,"k":{"i":[[0,-2.406],[2.406,0],[0,2.407],[-2.408,0]],"o":[[0,2.407],[-2.408,0],[0,-2.406],[2.406,0]],"v":[[4.359,-0.001],[0,4.357],[-4.359,-0.001],[0,-4.357]],"c":true}},"nm":"Path 1","mn":"ADBE Vector Shape - Group"},{"ty":"st","c":{"a":0,"k":[0.24,0.26,0.28,1]},"o":{"a":0,"k":100},"w":{"a":0,"k":3},"lc":2,"lj":2,"nm":"Stroke 1","mn":"ADBE Vector Graphic - Stroke"},{"ty":"fl","c":{"a":0,"k":[0.14,0.14,0.14,1]},"o":{"a":0,"k":100},"nm":"Fill 1","mn":"ADBE Vector Graphic - Fill"},{"ty":"tr","p":{"a":1,"k":[{"i":{"x":0.833,"y":0.833},"o":{"x":1,"y":0},"n":"0p833_0p833_1_0","t":5,"s":[972.774,529.51],"e":[946.198,537.976],"to":[0,0],"ti":[4.42925930023193,-1.41087877750397]},{"t":20}],"x":"var $bm_rt;\nvar amp, freq, decay, n, n, t, t, v;\namp = 0.035;\nfreq = 1.5;\ndecay = 5.5;\n$bm_rt = n = 0;\nif (numKeys > 0) {\n    $bm_rt = n = nearestKey(time).index;\n    if (key(n).time > time) {\n        n--;\n    }\n}\nif (n == 0) {\n    $bm_rt = t = 0;\n} else {\n    $bm_rt = t = sub(time, key(n).time);\n}\nif (n > 0) {\n    v = velocityAtTime(sub(key(n).time, div(thisComp.frameDuration, 10)));\n    $bm_rt = sum(value, div(mul(mul(v, amp), Math.sin(mul(mul(mul(freq, t), 2), Math.PI))), Math.exp(mul(decay, t))));\n} else {\n    $bm_rt = value;\n}","ix":2},"a":{"a":0,"k":[0,0],"ix":1},"s":{"a":1,"k":[{"i":{"x":[0.833,0.833],"y":[0.833,0.833]},"o":{"x":[1,1],"y":[0,0]},"n":["0p833_0p833_1_0","0p833_0p833_1_0"],"t":5,"s":[0,0],"e":[100,100]},{"t":20}],"x":"var $bm_rt;\nvar amp, freq, decay, n, n, t, t, v;\namp = 0.035;\nfreq = 1.5;\ndecay = 5.5;\n$bm_rt = n = 0;\nif (numKeys > 0) {\n    $bm_rt = n = nearestKey(time).index;\n    if (key(n).time > time) {\n        n--;\n    }\n}\nif (n == 0) {\n    $bm_rt = t = 0;\n} else {\n    $bm_rt = t = sub(time, key(n).time);\n}\nif (n > 0) {\n    v = velocityAtTime(sub(key(n).time, div(thisComp.frameDuration, 10)));\n    $bm_rt = sum(value, div(mul(mul(v, amp), Math.sin(mul(mul(mul(freq, t), 2), Math.PI))), Math.exp(mul(decay, t))));\n} else {\n    $bm_rt = value;\n}","ix":3},"r":{"a":0,"k":0,"ix":6},"o":{"a":0,"k":100,"ix":7},"sk":{"a":0,"k":0,"ix":4},"sa":{"a":0,"k":0,"ix":5},"nm":"Transform"}],"nm":"Group 10","np":3,"mn":"ADBE Vector Group"},{"ty":"gr","it":[{"ty":"gr","it":[{"ty":"gr","it":[{"ind":0,"ty":"sh","ks":{"a":0,"k":{"i":[[0,0],[0,0]],"o":[[0,0],[0,0]],"v":[[-1.488,-9.19],[1.488,9.19]],"c":false}},"nm":"Path 1","mn":"ADBE Vector Shape - Group"},{"ty":"st","c":{"a":0,"k":[0.24,0.26,0.28,1]},"o":{"a":0,"k":100},"w":{"a":0,"k":3},"lc":2,"lj":2,"nm":"Stroke 1","mn":"ADBE Vector Graphic - Stroke"},{"ty":"tr","p":{"a":0,"k":[948.915,527.65],"ix":2},"a":{"a":0,"k":[0,0],"ix":1},"s":{"a":0,"k":[100,100],"ix":3},"r":{"a":0,"k":0,"ix":6},"o":{"a":0,"k":100,"ix":7},"sk":{"a":0,"k":0,"ix":4},"sa":{"a":0,"k":0,"ix":5},"nm":"Transform"}],"nm":"Group 8","np":2,"mn":"ADBE Vector Group"},{"ty":"gr","it":[{"ind":0,"ty":"sh","ks":{"a":0,"k":{"i":[[0,0],[0,0]],"o":[[0,0],[0,0]],"v":[[-5.827,-7.823],[5.827,7.824]],"c":false}},"nm":"Path 1","mn":"ADBE Vector Shape - Group"},{"ty":"st","c":{"a":0,"k":[0.24,0.26,0.28,1]},"o":{"a":0,"k":100},"w":{"a":0,"k":3},"lc":2,"lj":2,"nm":"Stroke 1","mn":"ADBE Vector Graphic - Stroke"},{"ty":"tr","p":{"a":0,"k":[936.733,532.553],"ix":2},"a":{"a":0,"k":[0,0],"ix":1},"s":{"a":0,"k":[100,100],"ix":3},"r":{"a":0,"k":0,"ix":6},"o":{"a":0,"k":100,"ix":7},"sk":{"a":0,"k":0,"ix":4},"sa":{"a":0,"k":0,"ix":5},"nm":"Transform"}],"nm":"Group 9","np":2,"mn":"ADBE Vector Group"},{"ty":"tr","p":{"a":0,"k":[940.654,529.418],"ix":2},"a":{"a":0,"k":[940.654,529.418],"ix":1},"s":{"a":0,"k":[100,100],"ix":3},"r":{"a":0,"k":0,"ix":6},"o":{"a":0,"k":100,"ix":7},"sk":{"a":0,"k":0,"ix":4},"sa":{"a":0,"k":0,"ix":5},"nm":"Transform"}],"nm":"strip","np":2,"mn":"ADBE Vector Group"},{"ty":"gr","it":[{"ind":0,"ty":"sh","ks":{"a":0,"k":{"i":[[1.836,0],[0,1.836],[-1.836,0],[0,-1.837]],"o":[[-1.836,0],[0,-1.837],[1.836,0],[0,1.836]],"v":[[0,3.325],[-3.325,0],[0,-3.325],[3.326,0]],"c":true}},"nm":"Path 1","mn":"ADBE Vector Shape - Group"},{"ind":1,"ty":"sh","ks":{"a":0,"k":{"i":[[5.064,0],[0,-5.07],[-5.062,0],[0,5.063]],"o":[[-5.062,0],[0,5.063],[5.064,0],[0,-5.07]],"v":[[0,-9.174],[-9.174,0],[0,9.173],[9.174,0]],"c":true}},"nm":"Path 2","mn":"ADBE Vector Shape - Group"},{"ty":"mm","mm":1,"nm":"Merge Paths 1","mn":"ADBE Vector Filter - Merge"},{"ty":"st","c":{"a":0,"k":[0.24,0.26,0.28,1]},"o":{"a":0,"k":100},"w":{"a":0,"k":3},"lc":2,"lj":2,"nm":"Stroke 1","mn":"ADBE Vector Graphic - Stroke"},{"ty":"tr","p":{"a":0,"k":[938.285,519.284],"ix":2},"a":{"a":0,"k":[0,0],"ix":1},"s":{"a":0,"k":[100,100],"ix":3},"r":{"a":0,"k":0,"ix":6},"o":{"a":0,"k":100,"ix":7},"sk":{"a":0,"k":0,"ix":4},"sa":{"a":0,"k":0,"ix":5},"nm":"Transform"}],"nm":"Group 13","np":4,"mn":"ADBE Vector Group"},{"ty":"tr","p":{"a":1,"k":[{"i":{"x":0.833,"y":0.833},"o":{"x":1,"y":0.667},"n":"0p833_0p833_1_0p667","t":23,"s":[945.241,538.804],"e":[946.409,538.036],"to":[0.19466856122017,-0.12789691984653],"ti":[-0.19466856122017,0.12789691984653]},{"t":33}],"x":"var $bm_rt;\nvar amp, freq, decay, n, n, t, t, v;\namp = 0.035;\nfreq = 1.5;\ndecay = 5.5;\n$bm_rt = n = 0;\nif (numKeys > 0) {\n    $bm_rt = n = nearestKey(time).index;\n    if (key(n).time > time) {\n        n--;\n    }\n}\nif (n == 0) {\n    $bm_rt = t = 0;\n} else {\n    $bm_rt = t = sub(time, key(n).time);\n}\nif (n > 0) {\n    v = velocityAtTime(sub(key(n).time, div(thisComp.frameDuration, 10)));\n    $bm_rt = sum(value, div(mul(mul(v, amp), Math.sin(mul(mul(mul(freq, t), 2), Math.PI))), Math.exp(mul(decay, t))));\n} else {\n    $bm_rt = value;\n}","ix":2},"a":{"a":0,"k":[946.409,538.036],"ix":1},"s":{"a":1,"k":[{"i":{"x":[0.833,0.833],"y":[0.833,0.833]},"o":{"x":[1,1],"y":[0.014,0.014]},"n":["0p833_0p833_1_0p014","0p833_0p833_1_0p014"],"t":14,"s":[0,0],"e":[100,100]},{"t":29}],"x":"var $bm_rt;\nvar amp, freq, decay, n, n, t, t, v;\namp = 0.035;\nfreq = 1.5;\ndecay = 5.5;\n$bm_rt = n = 0;\nif (numKeys > 0) {\n    $bm_rt = n = nearestKey(time).index;\n    if (key(n).time > time) {\n        n--;\n    }\n}\nif (n == 0) {\n    $bm_rt = t = 0;\n} else {\n    $bm_rt = t = sub(time, key(n).time);\n}\nif (n > 0) {\n    v = velocityAtTime(sub(key(n).time, div(thisComp.frameDuration, 10)));\n    $bm_rt = sum(value, div(mul(mul(v, amp), Math.sin(mul(mul(mul(freq, t), 2), Math.PI))), Math.exp(mul(decay, t))));\n} else {\n    $bm_rt = value;\n}","ix":3},"r":{"a":0,"k":0,"ix":6},"o":{"a":0,"k":100,"ix":7},"sk":{"a":0,"k":0,"ix":4},"sa":{"a":0,"k":0,"ix":5},"nm":"Transform"}],"nm":"spin","np":2,"mn":"ADBE Vector Group"},{"ty":"tr","p":{"a":0,"k":[945.959,537.847],"ix":2},"a":{"a":0,"k":[945.959,537.847],"ix":1},"s":{"a":0,"k":[100,100],"ix":3},"r":{"a":1,"k":[{"i":{"x":[0.833],"y":[0.833]},"o":{"x":[1],"y":[-0.009]},"n":["0p833_0p833_1_-0p009"],"t":23,"s":[88],"e":[-12]},{"t":33}],"x":"var $bm_rt;\nvar amp, freq, decay, n, n, t, t, v;\namp = 0.035;\nfreq = 1.5;\ndecay = 5.5;\n$bm_rt = n = 0;\nif (numKeys > 0) {\n    $bm_rt = n = nearestKey(time).index;\n    if (key(n).time > time) {\n        n--;\n    }\n}\nif (n == 0) {\n    $bm_rt = t = 0;\n} else {\n    $bm_rt = t = sub(time, key(n).time);\n}\nif (n > 0) {\n    v = velocityAtTime(sub(key(n).time, div(thisComp.frameDuration, 10)));\n    $bm_rt = sum(value, div(mul(mul(v, amp), Math.sin(mul(mul(mul(freq, t), 2), Math.PI))), Math.exp(mul(decay, t))));\n} else {\n    $bm_rt = value;\n}","ix":6},"o":{"a":0,"k":100,"ix":7},"sk":{"a":0,"k":0,"ix":4},"sa":{"a":0,"k":0,"ix":5},"nm":"Transform"}],"nm":"main","np":2,"mn":"ADBE Vector Group"},{"ty":"gr","it":[{"ty":"gr","it":[{"ind":0,"ty":"sh","ks":{"a":0,"k":{"i":[[10.002,0],[0,-10.007],[-9.998,0],[0,10.006]],"o":[[-9.998,0],[0,10.006],[10.002,0],[0,-10.007]],"v":[[0,-18.118],[-18.119,0.001],[0,18.118],[18.119,0.001]],"c":true}},"nm":"Path 1","mn":"ADBE Vector Shape - Group"},{"ty":"st","c":{"a":0,"k":[0.24,0.26,0.28,1]},"o":{"a":0,"k":100},"w":{"a":0,"k":3},"lc":2,"lj":2,"nm":"Stroke 1","mn":"ADBE Vector Graphic - Stroke"},{"ty":"fl","c":{"a":0,"k":[0.14,0.14,0.14,1]},"o":{"a":0,"k":100},"nm":"Fill 1","mn":"ADBE Vector Graphic - Fill"},{"ty":"tr","p":{"a":1,"k":[{"i":{"x":0.833,"y":0.833},"o":{"x":1,"y":0},"n":"0p833_0p833_1_0","t":0,"s":[949,578.483],"e":[949.035,515.033],"to":[0,0],"ti":[0,0]},{"i":{"x":0.833,"y":0.833},"o":{"x":0.167,"y":0.167},"n":"0p833_0p833_0p167_0p167","t":15,"s":[949.035,515.033],"e":[949.035,515.033],"to":[0,0],"ti":[0,0]},{"i":{"x":0.833,"y":0.833},"o":{"x":1,"y":0},"n":"0p833_0p833_1_0","t":23,"s":[949.035,515.033],"e":[938.285,519.283],"to":[0,0],"ti":[0,0]},{"t":33}],"x":"var $bm_rt;\nvar amp, freq, decay, n, n, t, t, v;\namp = 0.035;\nfreq = 1.5;\ndecay = 5.5;\n$bm_rt = n = 0;\nif (numKeys > 0) {\n    $bm_rt = n = nearestKey(time).index;\n    if (key(n).time > time) {\n        n--;\n    }\n}\nif (n == 0) {\n    $bm_rt = t = 0;\n} else {\n    $bm_rt = t = sub(time, key(n).time);\n}\nif (n > 0) {\n    v = velocityAtTime(sub(key(n).time, div(thisComp.frameDuration, 10)));\n    $bm_rt = sum(value, div(mul(mul(v, amp), Math.sin(mul(mul(mul(freq, t), 2), Math.PI))), Math.exp(mul(decay, t))));\n} else {\n    $bm_rt = value;\n}","ix":2},"a":{"a":0,"k":[0,0],"ix":1},"s":{"a":1,"k":[{"i":{"x":[0.833,0.833],"y":[0.833,0.833]},"o":{"x":[1,1],"y":[0,0]},"n":["0p833_0p833_1_0","0p833_0p833_1_0"],"t":0,"s":[0,0],"e":[100,100]},{"t":15}],"x":"var $bm_rt;\nvar amp, freq, decay, n, n, t, t, v;\namp = 0.035;\nfreq = 1.5;\ndecay = 5.5;\n$bm_rt = n = 0;\nif (numKeys > 0) {\n    $bm_rt = n = nearestKey(time).index;\n    if (key(n).time > time) {\n        n--;\n    }\n}\nif (n == 0) {\n    $bm_rt = t = 0;\n} else {\n    $bm_rt = t = sub(time, key(n).time);\n}\nif (n > 0) {\n    v = velocityAtTime(sub(key(n).time, div(thisComp.frameDuration, 10)));\n    $bm_rt = sum(value, div(mul(mul(v, amp), Math.sin(mul(mul(mul(freq, t), 2), Math.PI))), Math.exp(mul(decay, t))));\n} else {\n    $bm_rt = value;\n}","ix":3},"r":{"a":0,"k":0,"ix":6},"o":{"a":0,"k":100,"ix":7},"sk":{"a":0,"k":0,"ix":4},"sa":{"a":0,"k":0,"ix":5},"nm":"Transform"}],"nm":"big","np":3,"mn":"ADBE Vector Group"},{"ty":"tr","p":{"a":0,"k":[943.91,560.908],"ix":2},"a":{"a":0,"k":[949.102,560.908],"ix":1},"s":{"a":1,"k":[{"i":{"x":[0.833,0.833],"y":[0.833,0.833]},"o":{"x":[1,0.333],"y":[0,0.333]},"n":["0p833_0p833_1_0","0p833_0p833_0p333_0p333"],"t":0,"s":[1,100],"e":[100,100]},{"t":16}],"x":"var $bm_rt;\nvar amp, freq, decay, n, n, t, t, v;\namp = 0.035;\nfreq = 1.5;\ndecay = 5.5;\n$bm_rt = n = 0;\nif (numKeys > 0) {\n    $bm_rt = n = nearestKey(time).index;\n    if (key(n).time > time) {\n        n--;\n    }\n}\nif (n == 0) {\n    $bm_rt = t = 0;\n} else {\n    $bm_rt = t = sub(time, key(n).time);\n}\nif (n > 0) {\n    v = velocityAtTime(sub(key(n).time, div(thisComp.frameDuration, 10)));\n    $bm_rt = sum(value, div(mul(mul(v, amp), Math.sin(mul(mul(mul(freq, t), 2), Math.PI))), Math.exp(mul(decay, t))));\n} else {\n    $bm_rt = value;\n}","ix":3},"r":{"a":0,"k":0,"ix":6},"o":{"a":0,"k":100,"ix":7},"sk":{"a":0,"k":0,"ix":4},"sa":{"a":0,"k":0,"ix":5},"nm":"Transform"}],"nm":"big-squash-n-stretch","np":1,"mn":"ADBE Vector Group"},{"ty":"tr","p":{"a":0,"k":[938.285,521.749],"ix":2},"a":{"a":0,"k":[938.285,521.749],"ix":1},"s":{"a":0,"k":[100,100],"ix":3},"r":{"a":0,"k":0,"ix":6},"o":{"a":0,"k":100,"ix":7},"sk":{"a":0,"k":0,"ix":4},"sa":{"a":0,"k":0,"ix":5},"nm":"Transform"}],"nm":"left-reel","np":2,"mn":"ADBE Vector Group"},{"ty":"gr","it":[{"ind":0,"ty":"sh","ks":{"a":1,"k":[{"i":{"x":0.833,"y":0.833},"o":{"x":0.167,"y":0.167},"n":"0p833_0p833_0p167_0p167","t":36,"s":[{"i":[[0,0],[0,0]],"o":[[0,0],[0,0]],"v":[[948.007,510.04],[951.099,516.477]],"c":false}],"e":[{"i":[[0,0],[0,0]],"o":[[0,0],[0,0]],"v":[[941.132,503.602],[952.536,511.415]],"c":false}]},{"i":{"x":0.833,"y":0.833},"o":{"x":0.167,"y":0.167},"n":"0p833_0p833_0p167_0p167","t":37,"s":[{"i":[[0,0],[0,0]],"o":[[0,0],[0,0]],"v":[[941.132,503.602],[952.536,511.415]],"c":false}],"e":[{"i":[[0,0],[0,0]],"o":[[0,0],[0,0]],"v":[[939.319,502.602],[950.599,506.79]],"c":false}]},{"i":{"x":0.833,"y":0.833},"o":{"x":0.167,"y":0.167},"n":"0p833_0p833_0p167_0p167","t":38,"s":[{"i":[[0,0],[0,0]],"o":[[0,0],[0,0]],"v":[[939.319,502.602],[950.599,506.79]],"c":false}],"e":[{"i":[[0,0],[0,0]],"o":[[0,0],[0,0]],"v":[[933.236,501.373],[957.911,502.519]],"c":false}]},{"i":{"x":0.833,"y":0.833},"o":{"x":0.167,"y":0.167},"n":"0p833_0p833_0p167_0p167","t":39,"s":[{"i":[[0,0],[0,0]],"o":[[0,0],[0,0]],"v":[[933.236,501.373],[957.911,502.519]],"c":false}],"e":[{"i":[[0,0],[0,0]],"o":[[0,0],[0,0]],"v":[[934.215,501.332],[968.724,500.748]],"c":false}]},{"i":{"x":0.833,"y":0.833},"o":{"x":0.167,"y":0.167},"n":"0p833_0p833_0p167_0p167","t":40,"s":[{"i":[[0,0],[0,0]],"o":[[0,0],[0,0]],"v":[[934.215,501.332],[968.724,500.748]],"c":false}],"e":[{"i":[[0,0],[0,0]],"o":[[0,0],[0,0]],"v":[[933.257,501.29],[976.099,500.665]],"c":false}]},{"i":{"x":0.833,"y":0.833},"o":{"x":0.167,"y":0.167},"n":"0p833_0p833_0p167_0p167","t":44,"s":[{"i":[[0,0],[0,0]],"o":[[0,0],[0,0]],"v":[[933.257,501.29],[976.099,500.665]],"c":false}],"e":[{"i":[[0,0],[0,0]],"o":[[0,0],[0,0]],"v":[[933.132,501.165],[974.318,501.259]],"c":false}]},{"i":{"x":0.833,"y":0.833},"o":{"x":0.167,"y":0.167},"n":"0p833_0p833_0p167_0p167","t":51,"s":[{"i":[[0,0],[0,0]],"o":[[0,0],[0,0]],"v":[[933.132,501.165],[974.318,501.259]],"c":false}],"e":[{"i":[[0,0],[0,0]],"o":[[0,0],[0,0]],"v":[[933.632,501.165],[974.599,501.165]],"c":false}]},{"t":60}]},"nm":"Path 1","mn":"ADBE Vector Shape - Group"},{"ty":"st","c":{"a":0,"k":[0.24,0.26,0.28,1]},"o":{"a":0,"k":100},"w":{"a":0,"k":3},"lc":2,"lj":2,"nm":"Stroke 1","mn":"ADBE Vector Graphic - Stroke"},{"ty":"tr","p":{"a":0,"k":[0,0],"ix":2},"a":{"a":0,"k":[0,0],"ix":1},"s":{"a":0,"k":[100,100],"ix":3},"r":{"a":0,"k":0,"ix":6},"o":{"a":1,"k":[{"i":{"x":[0.833],"y":[0.833]},"o":{"x":[0.167],"y":[0.167]},"n":["0p833_0p833_0p167_0p167"],"t":35,"s":[0],"e":[100]},{"t":36}],"ix":7},"sk":{"a":0,"k":0,"ix":4},"sa":{"a":0,"k":0,"ix":5},"nm":"Transform"}],"nm":"top","np":2,"mn":"ADBE Vector Group"},{"ty":"gr","it":[{"ind":0,"ty":"sh","ks":{"a":1,"k":[{"i":{"x":0,"y":1},"o":{"x":0.656,"y":0},"n":"0_1_0p656_0","t":49,"s":[{"i":[[2.915,0],[0,2.914],[-2.913,0],[0,-2.913]],"o":[[-2.913,0],[0,-2.913],[2.915,0],[0,2.914]],"v":[[-0.099,4.914],[-5.373,-0.361],[-0.099,-5.635],[5.177,-0.361]],"c":true}],"e":[{"i":[[2.915,0],[0,2.914],[-2.913,0],[0,-2.913]],"o":[[-2.913,0],[0,-2.913],[2.915,0],[0,2.914]],"v":[[7.181,1.232],[1.907,-4.043],[7.181,-9.317],[12.457,-4.043]],"c":true}]},{"t":64}]},"nm":"Path 1","mn":"ADBE Vector Shape - Group"},{"ind":1,"ty":"sh","ks":{"a":1,"k":[{"i":{"x":0,"y":1},"o":{"x":0.656,"y":0},"n":"0_1_0p656_0","t":47,"s":[{"i":[[2.913,0],[0,2.914],[-2.913,0],[0,-2.915]],"o":[[-2.913,0],[0,-2.915],[2.913,0],[0,2.914]],"v":[[0.054,4.864],[-5.221,-0.411],[0.054,-5.686],[5.328,-0.411]],"c":true}],"e":[{"i":[[2.913,0],[0,2.914],[-2.913,0],[0,-2.915]],"o":[[-2.913,0],[0,-2.915],[2.913,0],[0,2.914]],"v":[[0.054,13.58],[-5.221,8.305],[0.054,3.03],[5.328,8.305]],"c":true}]},{"t":62}]},"nm":"Path 2","mn":"ADBE Vector Shape - Group"},{"ind":2,"ty":"sh","ks":{"a":1,"k":[{"i":{"x":0,"y":1},"o":{"x":0.656,"y":0},"n":"0_1_0p656_0","t":50,"s":[{"i":[[0,2.914],[-2.912,0],[0,-2.913],[2.915,0]],"o":[[0,-2.913],[2.915,0],[0,2.914],[-2.912,0]],"v":[[-5.3,-0.361],[-0.025,-5.635],[5.251,-0.361],[-0.025,4.914]],"c":true}],"e":[{"i":[[0,2.914],[-2.912,0],[0,-2.913],[2.915,0]],"o":[[0,-2.913],[2.915,0],[0,2.914],[-2.912,0]],"v":[[-12.457,-4.043],[-7.182,-9.317],[-1.906,-4.043],[-7.182,1.232]],"c":true}]},{"t":65}]},"nm":"Path 3","mn":"ADBE Vector Shape - Group"},{"ind":3,"ty":"sh","ks":{"a":0,"k":{"i":[[10.002,0],[0,-10.007],[-9.998,0],[0,10.005]],"o":[[-9.998,0],[0,10.005],[10.002,0],[0,-10.007]],"v":[[-0.001,-18.118],[-18.119,0.002],[-0.001,18.119],[18.119,0.002]],"c":true}},"nm":"Path 4","mn":"ADBE Vector Shape - Group"},{"ty":"mm","mm":1,"nm":"Merge Paths 1","mn":"ADBE Vector Filter - Merge"},{"ty":"st","c":{"a":0,"k":[0.24,0.26,0.28,1]},"o":{"a":0,"k":100},"w":{"a":0,"k":3},"lc":2,"lj":2,"nm":"Stroke 1","mn":"ADBE Vector Graphic - Stroke"},{"ty":"tr","p":{"a":1,"k":[{"i":{"x":0.833,"y":0.833},"o":{"x":1,"y":0},"n":"0p833_0p833_1_0","t":25,"s":[931.258,515.771],"e":[974.496,519.283],"to":[7.20625019073486,0.58541667461395],"ti":[-7.20625019073486,-0.58541667461395]},{"t":41}],"x":"var $bm_rt;\nvar amp, freq, decay, n, n, t, t, v;\namp = 0.1;\nfreq = 1.5;\ndecay = 5.5;\n$bm_rt = n = 0;\nif (numKeys > 0) {\n    $bm_rt = n = nearestKey(time).index;\n    if (key(n).time > time) {\n        n--;\n    }\n}\nif (n == 0) {\n    $bm_rt = t = 0;\n} else {\n    $bm_rt = t = sub(time, key(n).time);\n}\nif (n > 0) {\n    v = velocityAtTime(sub(key(n).time, div(thisComp.frameDuration, 10)));\n    $bm_rt = sum(value, div(mul(mul(v, amp), Math.sin(mul(mul(mul(freq, t), 2), Math.PI))), Math.exp(mul(decay, t))));\n} else {\n    $bm_rt = value;\n}","ix":2},"a":{"a":0,"k":[0,0],"ix":1},"s":{"a":1,"k":[{"i":{"x":[0.833,0.833],"y":[0.833,0.833]},"o":{"x":[1,1],"y":[0.015,0.014]},"n":["0p833_0p833_1_0p015","0p833_0p833_1_0p014"],"t":25,"s":[5,0],"e":[100,100]},{"t":40}],"x":"var $bm_rt;\nvar amp, freq, decay, n, n, t, t, v;\namp = 0.035;\nfreq = 1.5;\ndecay = 5.5;\n$bm_rt = n = 0;\nif (numKeys > 0) {\n    $bm_rt = n = nearestKey(time).index;\n    if (key(n).time > time) {\n        n--;\n    }\n}\nif (n == 0) {\n    $bm_rt = t = 0;\n} else {\n    $bm_rt = t = sub(time, key(n).time);\n}\nif (n > 0) {\n    v = velocityAtTime(sub(key(n).time, div(thisComp.frameDuration, 10)));\n    $bm_rt = sum(value, div(mul(mul(v, amp), Math.sin(mul(mul(mul(freq, t), 2), Math.PI))), Math.exp(mul(decay, t))));\n} else {\n    $bm_rt = value;\n}","ix":3},"r":{"a":1,"k":[{"i":{"x":[0.833],"y":[0.833]},"o":{"x":[0.333],"y":[0]},"n":["0p833_0p833_0p333_0"],"t":67,"s":[0],"e":[3600]},{"t":221}],"ix":6},"o":{"a":0,"k":100,"ix":7},"sk":{"a":0,"k":0,"ix":4},"sa":{"a":0,"k":0,"ix":5},"nm":"Transform"}],"nm":"right-reel","np":6,"mn":"ADBE Vector Group"},{"ty":"tr","p":{"a":0,"k":[956.391,521.749],"ix":2},"a":{"a":0,"k":[956.391,521.749],"ix":1},"s":{"a":0,"k":[100,100],"ix":3},"r":{"a":0,"k":0,"ix":6},"o":{"a":0,"k":100,"ix":7},"sk":{"a":0,"k":0,"ix":4},"sa":{"a":0,"k":0,"ix":5},"nm":"Transform"}],"nm":"reels","np":3,"mn":"ADBE Vector Group"},{"ty":"gr","it":[{"ty":"gr","it":[{"ind":0,"ty":"sh","ks":{"a":0,"k":{"i":[[0,0],[0,0],[0,0],[0,0]],"o":[[0,0],[0,0],[0,0],[0,0]],"v":[[13.606,7.236],[-13.606,7.236],[-13.606,-7.236],[13.606,-7.236]],"c":true}},"nm":"Path 1","mn":"ADBE Vector Shape - Group"},{"ty":"st","c":{"a":0,"k":[0.51,0.3,1,1]},"o":{"a":0,"k":100},"w":{"a":0,"k":3},"lc":2,"lj":2,"nm":"Stroke 1","mn":"ADBE Vector Graphic - Stroke"},{"ty":"fl","c":{"a":0,"k":[0.14,0.14,0.14,1]},"o":{"a":0,"k":100},"nm":"Fill 1","mn":"ADBE Vector Graphic - Fill"},{"ty":"tr","p":{"a":1,"k":[{"i":{"x":0.667,"y":1},"o":{"x":0.333,"y":0},"n":"0p667_1_0p333_0","t":67,"s":[955.804,555.362],"e":[955.804,556.062],"to":[0,0.11666666716337],"ti":[0,0.11666666716337]},{"i":{"x":0.667,"y":1},"o":{"x":0.333,"y":0},"n":"0p667_1_0p333_0","t":72,"s":[955.804,556.062],"e":[955.804,554.662],"to":[0,-0.11666666716337],"ti":[0,0]},{"i":{"x":0.667,"y":1},"o":{"x":0.333,"y":0},"n":"0p667_1_0p333_0","t":77,"s":[955.804,554.662],"e":[955.804,556.062],"to":[0,0],"ti":[0,0]},{"i":{"x":0.667,"y":1},"o":{"x":0.333,"y":0},"n":"0p667_1_0p333_0","t":82,"s":[955.804,556.062],"e":[955.804,554.662],"to":[0,0],"ti":[0,0]},{"i":{"x":0.667,"y":1},"o":{"x":0.333,"y":0},"n":"0p667_1_0p333_0","t":87,"s":[955.804,554.662],"e":[955.804,556.062],"to":[0,0],"ti":[0,0]},{"i":{"x":0.667,"y":1},"o":{"x":0.333,"y":0},"n":"0p667_1_0p333_0","t":92,"s":[955.804,556.062],"e":[955.804,554.662],"to":[0,0],"ti":[0,0]},{"i":{"x":0.667,"y":1},"o":{"x":0.333,"y":0},"n":"0p667_1_0p333_0","t":97,"s":[955.804,554.662],"e":[955.804,556.062],"to":[0,0],"ti":[0,0]},{"i":{"x":0.667,"y":1},"o":{"x":0.333,"y":0},"n":"0p667_1_0p333_0","t":102,"s":[955.804,556.062],"e":[955.804,554.662],"to":[0,0],"ti":[0,0]},{"i":{"x":0.667,"y":1},"o":{"x":0.333,"y":0},"n":"0p667_1_0p333_0","t":107,"s":[955.804,554.662],"e":[955.804,556.062],"to":[0,0],"ti":[0,0]},{"i":{"x":0.667,"y":1},"o":{"x":0.333,"y":0},"n":"0p667_1_0p333_0","t":112,"s":[955.804,556.062],"e":[955.804,554.662],"to":[0,0],"ti":[0,0]},{"i":{"x":0.667,"y":1},"o":{"x":0.333,"y":0},"n":"0p667_1_0p333_0","t":117,"s":[955.804,554.662],"e":[955.804,556.062],"to":[0,0],"ti":[0,0]},{"i":{"x":0.667,"y":1},"o":{"x":0.333,"y":0},"n":"0p667_1_0p333_0","t":122,"s":[955.804,556.062],"e":[955.804,554.662],"to":[0,0],"ti":[0,0]},{"i":{"x":0.667,"y":1},"o":{"x":0.333,"y":0},"n":"0p667_1_0p333_0","t":127,"s":[955.804,554.662],"e":[955.804,556.062],"to":[0,0],"ti":[0,0]},{"i":{"x":0.667,"y":1},"o":{"x":0.333,"y":0},"n":"0p667_1_0p333_0","t":132,"s":[955.804,556.062],"e":[955.804,554.662],"to":[0,0],"ti":[0,0]},{"i":{"x":0.667,"y":1},"o":{"x":0.333,"y":0},"n":"0p667_1_0p333_0","t":137,"s":[955.804,554.662],"e":[955.804,556.062],"to":[0,0],"ti":[0,0]},{"i":{"x":0.667,"y":1},"o":{"x":0.333,"y":0},"n":"0p667_1_0p333_0","t":142,"s":[955.804,556.062],"e":[955.804,554.662],"to":[0,0],"ti":[0,0]},{"i":{"x":0.667,"y":1},"o":{"x":0.333,"y":0},"n":"0p667_1_0p333_0","t":147,"s":[955.804,554.662],"e":[955.804,556.062],"to":[0,0],"ti":[0,0]},{"i":{"x":0.667,"y":1},"o":{"x":0.333,"y":0},"n":"0p667_1_0p333_0","t":152,"s":[955.804,556.062],"e":[955.804,554.662],"to":[0,0],"ti":[0,0]},{"i":{"x":0.667,"y":1},"o":{"x":0.333,"y":0},"n":"0p667_1_0p333_0","t":157,"s":[955.804,554.662],"e":[955.804,556.062],"to":[0,0],"ti":[0,0]},{"i":{"x":0.667,"y":1},"o":{"x":0.333,"y":0},"n":"0p667_1_0p333_0","t":162,"s":[955.804,556.062],"e":[955.804,554.662],"to":[0,0],"ti":[0,0]},{"i":{"x":0.667,"y":1},"o":{"x":0.333,"y":0},"n":"0p667_1_0p333_0","t":167,"s":[955.804,554.662],"e":[955.804,556.062],"to":[0,0],"ti":[0,0]},{"i":{"x":0.667,"y":1},"o":{"x":0.333,"y":0},"n":"0p667_1_0p333_0","t":172,"s":[955.804,556.062],"e":[955.804,554.662],"to":[0,0],"ti":[0,0]},{"i":{"x":0.667,"y":1},"o":{"x":0.333,"y":0},"n":"0p667_1_0p333_0","t":177,"s":[955.804,554.662],"e":[955.804,556.062],"to":[0,0],"ti":[0,0]},{"i":{"x":0.667,"y":1},"o":{"x":0.333,"y":0},"n":"0p667_1_0p333_0","t":182,"s":[955.804,556.062],"e":[955.804,554.662],"to":[0,0],"ti":[0,0]},{"i":{"x":0.667,"y":1},"o":{"x":0.333,"y":0},"n":"0p667_1_0p333_0","t":187,"s":[955.804,554.662],"e":[955.804,556.062],"to":[0,0],"ti":[0,0]},{"i":{"x":0.667,"y":1},"o":{"x":0.333,"y":0},"n":"0p667_1_0p333_0","t":192,"s":[955.804,556.062],"e":[955.804,554.662],"to":[0,0],"ti":[0,0]},{"i":{"x":0.667,"y":1},"o":{"x":0.333,"y":0},"n":"0p667_1_0p333_0","t":197,"s":[955.804,554.662],"e":[955.804,556.062],"to":[0,0],"ti":[0,0]},{"i":{"x":0.667,"y":1},"o":{"x":0.333,"y":0},"n":"0p667_1_0p333_0","t":202,"s":[955.804,556.062],"e":[955.804,554.662],"to":[0,0],"ti":[0,0]},{"i":{"x":0.667,"y":1},"o":{"x":0.333,"y":0},"n":"0p667_1_0p333_0","t":207,"s":[955.804,554.662],"e":[955.804,556.062],"to":[0,0],"ti":[0,0]},{"i":{"x":0.667,"y":1},"o":{"x":0.333,"y":0},"n":"0p667_1_0p333_0","t":212,"s":[955.804,556.062],"e":[955.804,554.662],"to":[0,0],"ti":[0,0]},{"i":{"x":0.667,"y":1},"o":{"x":0.333,"y":0},"n":"0p667_1_0p333_0","t":217,"s":[955.804,554.662],"e":[955.804,556.062],"to":[0,0],"ti":[0,0]},{"i":{"x":0.667,"y":1},"o":{"x":0.333,"y":0},"n":"0p667_1_0p333_0","t":222,"s":[955.804,556.062],"e":[955.804,554.662],"to":[0,0],"ti":[0,0.23333333432674]},{"t":227}],"ix":2},"a":{"a":0,"k":[0,-3.5],"ix":1},"s":{"a":1,"k":[{"i":{"x":[0.833,0.833],"y":[0.833,0.833]},"o":{"x":[1,1],"y":[0,0]},"n":["0p833_0p833_1_0","0p833_0p833_1_0"],"t":48,"s":[0,0],"e":[100,100]},{"i":{"x":[0,0],"y":[0,0]},"o":{"x":[0.167,0.167],"y":[0.167,0.167]},"n":["0_0_0p167_0p167","0_0_0p167_0p167"],"t":63,"s":[100,100],"e":[100,100]},{"i":{"x":[0,0],"y":[1,1]},"o":{"x":[0.333,0.333],"y":[0,0]},"n":["0_1_0p333_0","0_1_0p333_0"],"t":67,"s":[100,100],"e":[95,103]},{"i":{"x":[0,0],"y":[1,1]},"o":{"x":[0.333,0.333],"y":[0,0]},"n":["0_1_0p333_0","0_1_0p333_0"],"t":72,"s":[95,103],"e":[103,95]},{"i":{"x":[0,0],"y":[1,1]},"o":{"x":[0.333,0.333],"y":[0,0]},"n":["0_1_0p333_0","0_1_0p333_0"],"t":77,"s":[103,95],"e":[95,103]},{"i":{"x":[0,0],"y":[1,1]},"o":{"x":[0.333,0.333],"y":[0,0]},"n":["0_1_0p333_0","0_1_0p333_0"],"t":82,"s":[95,103],"e":[103,95]},{"i":{"x":[0,0],"y":[1,1]},"o":{"x":[0.333,0.333],"y":[0,0]},"n":["0_1_0p333_0","0_1_0p333_0"],"t":87,"s":[103,95],"e":[95,103]},{"i":{"x":[0,0],"y":[1,1]},"o":{"x":[0.333,0.333],"y":[0,0]},"n":["0_1_0p333_0","0_1_0p333_0"],"t":92,"s":[95,103],"e":[103,95]},{"i":{"x":[0,0],"y":[1,1]},"o":{"x":[0.333,0.333],"y":[0,0]},"n":["0_1_0p333_0","0_1_0p333_0"],"t":97,"s":[103,95],"e":[95,103]},{"i":{"x":[0,0],"y":[1,1]},"o":{"x":[0.333,0.333],"y":[0,0]},"n":["0_1_0p333_0","0_1_0p333_0"],"t":102,"s":[95,103],"e":[103,95]},{"i":{"x":[0,0],"y":[1,1]},"o":{"x":[0.333,0.333],"y":[0,0]},"n":["0_1_0p333_0","0_1_0p333_0"],"t":107,"s":[103,95],"e":[95,103]},{"i":{"x":[0,0],"y":[1,1]},"o":{"x":[0.333,0.333],"y":[0,0]},"n":["0_1_0p333_0","0_1_0p333_0"],"t":112,"s":[95,103],"e":[103,95]},{"i":{"x":[0,0],"y":[1,1]},"o":{"x":[0.333,0.333],"y":[0,0]},"n":["0_1_0p333_0","0_1_0p333_0"],"t":117,"s":[103,95],"e":[95,103]},{"i":{"x":[0,0],"y":[1,1]},"o":{"x":[0.333,0.333],"y":[0,0]},"n":["0_1_0p333_0","0_1_0p333_0"],"t":122,"s":[95,103],"e":[103,95]},{"i":{"x":[0,0],"y":[1,1]},"o":{"x":[0.333,0.333],"y":[0,0]},"n":["0_1_0p333_0","0_1_0p333_0"],"t":127,"s":[103,95],"e":[95,103]},{"i":{"x":[0,0],"y":[1,1]},"o":{"x":[0.333,0.333],"y":[0,0]},"n":["0_1_0p333_0","0_1_0p333_0"],"t":132,"s":[95,103],"e":[103,95]},{"i":{"x":[0,0],"y":[1,1]},"o":{"x":[0.333,0.333],"y":[0,0]},"n":["0_1_0p333_0","0_1_0p333_0"],"t":137,"s":[103,95],"e":[95,103]},{"i":{"x":[0,0],"y":[1,1]},"o":{"x":[0.333,0.333],"y":[0,0]},"n":["0_1_0p333_0","0_1_0p333_0"],"t":142,"s":[95,103],"e":[103,95]},{"i":{"x":[0,0],"y":[1,1]},"o":{"x":[0.333,0.333],"y":[0,0]},"n":["0_1_0p333_0","0_1_0p333_0"],"t":147,"s":[103,95],"e":[95,103]},{"i":{"x":[0,0],"y":[1,1]},"o":{"x":[0.333,0.333],"y":[0,0]},"n":["0_1_0p333_0","0_1_0p333_0"],"t":152,"s":[95,103],"e":[103,95]},{"i":{"x":[0,0],"y":[1,1]},"o":{"x":[0.333,0.333],"y":[0,0]},"n":["0_1_0p333_0","0_1_0p333_0"],"t":157,"s":[103,95],"e":[95,103]},{"i":{"x":[0,0],"y":[1,1]},"o":{"x":[0.333,0.333],"y":[0,0]},"n":["0_1_0p333_0","0_1_0p333_0"],"t":162,"s":[95,103],"e":[103,95]},{"i":{"x":[0,0],"y":[1,1]},"o":{"x":[0.333,0.333],"y":[0,0]},"n":["0_1_0p333_0","0_1_0p333_0"],"t":167,"s":[103,95],"e":[95,103]},{"i":{"x":[0,0],"y":[1,1]},"o":{"x":[0.333,0.333],"y":[0,0]},"n":["0_1_0p333_0","0_1_0p333_0"],"t":172,"s":[95,103],"e":[103,95]},{"i":{"x":[0,0],"y":[1,1]},"o":{"x":[0.333,0.333],"y":[0,0]},"n":["0_1_0p333_0","0_1_0p333_0"],"t":177,"s":[103,95],"e":[95,103]},{"i":{"x":[0,0],"y":[1,1]},"o":{"x":[0.333,0.333],"y":[0,0]},"n":["0_1_0p333_0","0_1_0p333_0"],"t":182,"s":[95,103],"e":[103,95]},{"i":{"x":[0,0],"y":[1,1]},"o":{"x":[0.333,0.333],"y":[0,0]},"n":["0_1_0p333_0","0_1_0p333_0"],"t":187,"s":[103,95],"e":[95,103]},{"i":{"x":[0,0],"y":[1,1]},"o":{"x":[0.333,0.333],"y":[0,0]},"n":["0_1_0p333_0","0_1_0p333_0"],"t":192,"s":[95,103],"e":[103,95]},{"i":{"x":[0,0],"y":[1,1]},"o":{"x":[0.333,0.333],"y":[0,0]},"n":["0_1_0p333_0","0_1_0p333_0"],"t":197,"s":[103,95],"e":[95,103]},{"i":{"x":[0,0],"y":[1,1]},"o":{"x":[0.333,0.333],"y":[0,0]},"n":["0_1_0p333_0","0_1_0p333_0"],"t":202,"s":[95,103],"e":[103,95]},{"i":{"x":[0,0],"y":[1,1]},"o":{"x":[0.333,0.333],"y":[0,0]},"n":["0_1_0p333_0","0_1_0p333_0"],"t":207,"s":[103,95],"e":[95,103]},{"i":{"x":[0,0],"y":[1,1]},"o":{"x":[0.333,0.333],"y":[0,0]},"n":["0_1_0p333_0","0_1_0p333_0"],"t":212,"s":[95,103],"e":[103,95]},{"i":{"x":[0,0],"y":[1,1]},"o":{"x":[0.333,0.333],"y":[0,0]},"n":["0_1_0p333_0","0_1_0p333_0"],"t":217,"s":[103,95],"e":[95,103]},{"i":{"x":[0,0],"y":[1,1]},"o":{"x":[0.333,0.333],"y":[0,0]},"n":["0_1_0p333_0","0_1_0p333_0"],"t":222,"s":[95,103],"e":[103,95]},{"t":227}],"x":"var $bm_rt;\nvar amp, freq, decay, n, n, t, t, v;\namp = 0.035;\nfreq = 1.5;\ndecay = 5.5;\n$bm_rt = n = 0;\nif (numKeys > 0) {\n    $bm_rt = n = nearestKey(time).index;\n    if (key(n).time > time) {\n        n--;\n    }\n}\nif (n == 0) {\n    $bm_rt = t = 0;\n} else {\n    $bm_rt = t = sub(time, key(n).time);\n}\nif (n > 0) {\n    v = velocityAtTime(sub(key(n).time, div(thisComp.frameDuration, 10)));\n    $bm_rt = sum(value, div(mul(mul(v, amp), Math.sin(mul(mul(mul(freq, t), 2), Math.PI))), Math.exp(mul(decay, t))));\n} else {\n    $bm_rt = value;\n}","ix":3},"r":{"a":0,"k":0,"ix":6},"o":{"a":0,"k":100,"ix":7},"sk":{"a":0,"k":0,"ix":4},"sa":{"a":0,"k":0,"ix":5},"nm":"Transform"}],"nm":"Group 11","np":3,"mn":"ADBE Vector Group"},{"ty":"gr","it":[{"ind":0,"ty":"sh","ks":{"a":0,"k":{"i":[[0,0],[0,0],[3.099,0],[0,0],[0,3.099],[0,0]],"o":[[0,0],[0,3.099],[0,0],[-3.1,0],[0,0],[0,0]],"v":[[18.234,-9.467],[18.234,3.857],[12.622,9.467],[-12.622,9.467],[-18.234,3.857],[-18.234,-9.467]],"c":false}},"nm":"Path 1","mn":"ADBE Vector Shape - Group"},{"ty":"st","c":{"a":0,"k":[0.51,0.3,1,1]},"o":{"a":0,"k":100},"w":{"a":0,"k":3},"lc":2,"lj":2,"nm":"Stroke 1","mn":"ADBE Vector Graphic - Stroke"},{"ty":"tr","p":{"a":0,"k":[958.365,537.723],"ix":2},"a":{"a":0,"k":[2,-9.625],"ix":1},"s":{"a":1,"k":[{"i":{"x":[0.833,0.833],"y":[0.833,0.833]},"o":{"x":[1,1],"y":[0,0]},"n":["0p833_0p833_1_0","0p833_0p833_1_0"],"t":43,"s":[0,0],"e":[100,100]},{"t":58}],"x":"var $bm_rt;\nvar amp, freq, decay, n, n, t, t, v;\namp = 0.035;\nfreq = 1.5;\ndecay = 5.5;\n$bm_rt = n = 0;\nif (numKeys > 0) {\n    $bm_rt = n = nearestKey(time).index;\n    if (key(n).time > time) {\n        n--;\n    }\n}\nif (n == 0) {\n    $bm_rt = t = 0;\n} else {\n    $bm_rt = t = sub(time, key(n).time);\n}\nif (n > 0) {\n    v = velocityAtTime(sub(key(n).time, div(thisComp.frameDuration, 10)));\n    $bm_rt = sum(value, div(mul(mul(v, amp), Math.sin(mul(mul(mul(freq, t), 2), Math.PI))), Math.exp(mul(decay, t))));\n} else {\n    $bm_rt = value;\n}","ix":3},"r":{"a":0,"k":0,"ix":6},"o":{"a":0,"k":100,"ix":7},"sk":{"a":0,"k":0,"ix":4},"sa":{"a":0,"k":0,"ix":5},"nm":"Transform"}],"nm":"Group 12","np":2,"mn":"ADBE Vector Group"},{"ty":"gr","it":[{"ind":0,"ty":"sh","ks":{"a":0,"k":{"i":[[0,0],[1.427,0],[0,0],[0,1.427],[0,0],[-1.429,0],[0,0],[0,-1.427]],"o":[[0,1.427],[0,0],[-1.429,0],[0,0],[0,-1.427],[0,0],[1.427,0],[0,0]],"v":[[28.462,15.614],[25.878,18.201],[-25.875,18.201],[-28.462,15.614],[-28.462,-15.617],[-25.875,-18.201],[25.878,-18.201],[28.462,-15.617]],"c":true}},"nm":"Path 1","mn":"ADBE Vector Shape - Group"},{"ty":"st","c":{"a":0,"k":[0.24,0.26,0.28,1]},"o":{"a":0,"k":100},"w":{"a":0,"k":3},"lc":2,"lj":2,"nm":"Stroke 1","mn":"ADBE Vector Graphic - Stroke"},{"ty":"tr","p":{"a":1,"k":[{"i":{"x":0.833,"y":0.833},"o":{"x":1,"y":0},"n":"0p833_0p833_1_0","t":28,"s":[945.905,538.207],"e":[945.155,546.332],"to":[-0.125,1.35416662693024],"ti":[0.125,-1.35416662693024]},{"t":43}],"x":"var $bm_rt;\nvar amp, freq, decay, n, n, t, t, v;\namp = 0.035;\nfreq = 1.5;\ndecay = 5.5;\n$bm_rt = n = 0;\nif (numKeys > 0) {\n    $bm_rt = n = nearestKey(time).index;\n    if (key(n).time > time) {\n        n--;\n    }\n}\nif (n == 0) {\n    $bm_rt = t = 0;\n} else {\n    $bm_rt = t = sub(time, key(n).time);\n}\nif (n > 0) {\n    v = velocityAtTime(sub(key(n).time, div(thisComp.frameDuration, 10)));\n    $bm_rt = sum(value, div(mul(mul(v, amp), Math.sin(mul(mul(mul(freq, t), 2), Math.PI))), Math.exp(mul(decay, t))));\n} else {\n    $bm_rt = value;\n}","ix":2},"a":{"a":0,"k":[-11.5,-9.75],"ix":1},"s":{"a":1,"k":[{"i":{"x":[0.833,0.833],"y":[0.833,0.833]},"o":{"x":[1,1],"y":[0,0]},"n":["0p833_0p833_1_0","0p833_0p833_1_0"],"t":25,"s":[0,0],"e":[100,100]},{"i":{"x":[0.439,0.49],"y":[0.439,0.49]},"o":{"x":[0.167,0.167],"y":[0.167,0.167]},"n":["0p439_0p439_0p167_0p167","0p49_0p49_0p167_0p167"],"t":40,"s":[100,100],"e":[100,100]},{"i":{"x":[0,0],"y":[1,1]},"o":{"x":[0.333,0.333],"y":[0,0]},"n":["0_1_0p333_0","0_1_0p333_0"],"t":66,"s":[100,100],"e":[96.5,103]},{"i":{"x":[0,0],"y":[1,1]},"o":{"x":[0.333,0.333],"y":[0,0]},"n":["0_1_0p333_0","0_1_0p333_0"],"t":70,"s":[96.5,103],"e":[100,96.8]},{"i":{"x":[0,0],"y":[1,1]},"o":{"x":[0.333,0.333],"y":[0,0]},"n":["0_1_0p333_0","0_1_0p333_0"],"t":74,"s":[100,96.8],"e":[96.5,103]},{"i":{"x":[0,0],"y":[1,1]},"o":{"x":[0.333,0.333],"y":[0,0]},"n":["0_1_0p333_0","0_1_0p333_0"],"t":78,"s":[96.5,103],"e":[100,96.8]},{"i":{"x":[0,0],"y":[1,1]},"o":{"x":[0.333,0.333],"y":[0,0]},"n":["0_1_0p333_0","0_1_0p333_0"],"t":82,"s":[100,96.8],"e":[96.5,103]},{"i":{"x":[0,0],"y":[1,1]},"o":{"x":[0.333,0.333],"y":[0,0]},"n":["0_1_0p333_0","0_1_0p333_0"],"t":86,"s":[96.5,103],"e":[100,96.8]},{"i":{"x":[0,0],"y":[1,1]},"o":{"x":[0.333,0.333],"y":[0,0]},"n":["0_1_0p333_0","0_1_0p333_0"],"t":90,"s":[100,96.8],"e":[96.5,103]},{"i":{"x":[0,0],"y":[1,1]},"o":{"x":[0.333,0.333],"y":[0,0]},"n":["0_1_0p333_0","0_1_0p333_0"],"t":94,"s":[96.5,103],"e":[100,96.8]},{"i":{"x":[0,0],"y":[1,1]},"o":{"x":[0.333,0.333],"y":[0,0]},"n":["0_1_0p333_0","0_1_0p333_0"],"t":98,"s":[100,96.8],"e":[96.5,103]},{"i":{"x":[0,0],"y":[1,1]},"o":{"x":[0.333,0.333],"y":[0,0]},"n":["0_1_0p333_0","0_1_0p333_0"],"t":102,"s":[96.5,103],"e":[100,96.8]},{"i":{"x":[0,0],"y":[1,1]},"o":{"x":[0.333,0.333],"y":[0,0]},"n":["0_1_0p333_0","0_1_0p333_0"],"t":106,"s":[100,96.8],"e":[96.5,103]},{"i":{"x":[0,0],"y":[1,1]},"o":{"x":[0.333,0.333],"y":[0,0]},"n":["0_1_0p333_0","0_1_0p333_0"],"t":110,"s":[96.5,103],"e":[100,96.8]},{"i":{"x":[0,0],"y":[1,1]},"o":{"x":[0.333,0.333],"y":[0,0]},"n":["0_1_0p333_0","0_1_0p333_0"],"t":114,"s":[100,96.8],"e":[96.5,103]},{"i":{"x":[0,0],"y":[1,1]},"o":{"x":[0.333,0.333],"y":[0,0]},"n":["0_1_0p333_0","0_1_0p333_0"],"t":118,"s":[96.5,103],"e":[100,96.8]},{"i":{"x":[0,0],"y":[1,1]},"o":{"x":[0.333,0.333],"y":[0,0]},"n":["0_1_0p333_0","0_1_0p333_0"],"t":122,"s":[100,96.8],"e":[96.5,103]},{"i":{"x":[0,0],"y":[1,1]},"o":{"x":[0.333,0.333],"y":[0,0]},"n":["0_1_0p333_0","0_1_0p333_0"],"t":126,"s":[96.5,103],"e":[100,96.8]},{"i":{"x":[0,0],"y":[1,1]},"o":{"x":[0.167,0.167],"y":[0,0]},"n":["0_1_0p167_0","0_1_0p167_0"],"t":130,"s":[100,96.8],"e":[96.5,103]},{"i":{"x":[0,0],"y":[1,1]},"o":{"x":[0.333,0.333],"y":[0,0]},"n":["0_1_0p333_0","0_1_0p333_0"],"t":135,"s":[96.5,103],"e":[100,96.8]},{"i":{"x":[0,0],"y":[1,1]},"o":{"x":[0.333,0.333],"y":[0,0]},"n":["0_1_0p333_0","0_1_0p333_0"],"t":139,"s":[100,96.8],"e":[96.5,103]},{"i":{"x":[0,0],"y":[1,1]},"o":{"x":[0.333,0.333],"y":[0,0]},"n":["0_1_0p333_0","0_1_0p333_0"],"t":143,"s":[96.5,103],"e":[100,96.8]},{"i":{"x":[0,0],"y":[1,1]},"o":{"x":[0.333,0.333],"y":[0,0]},"n":["0_1_0p333_0","0_1_0p333_0"],"t":147,"s":[100,96.8],"e":[96.5,103]},{"i":{"x":[0,0],"y":[1,1]},"o":{"x":[0.333,0.333],"y":[0,0]},"n":["0_1_0p333_0","0_1_0p333_0"],"t":151,"s":[96.5,103],"e":[100,96.8]},{"i":{"x":[0,0],"y":[1,1]},"o":{"x":[0.333,0.333],"y":[0,0]},"n":["0_1_0p333_0","0_1_0p333_0"],"t":155,"s":[100,96.8],"e":[96.5,103]},{"i":{"x":[0,0],"y":[1,1]},"o":{"x":[0.333,0.333],"y":[0,0]},"n":["0_1_0p333_0","0_1_0p333_0"],"t":159,"s":[96.5,103],"e":[100,96.8]},{"i":{"x":[0,0],"y":[1,1]},"o":{"x":[0.333,0.333],"y":[0,0]},"n":["0_1_0p333_0","0_1_0p333_0"],"t":163,"s":[100,96.8],"e":[96.5,103]},{"i":{"x":[0,0],"y":[1,1]},"o":{"x":[0.333,0.333],"y":[0,0]},"n":["0_1_0p333_0","0_1_0p333_0"],"t":167,"s":[96.5,103],"e":[100,96.8]},{"i":{"x":[0,0],"y":[1,1]},"o":{"x":[0.333,0.333],"y":[0,0]},"n":["0_1_0p333_0","0_1_0p333_0"],"t":171,"s":[100,96.8],"e":[96.5,103]},{"i":{"x":[0,0],"y":[1,1]},"o":{"x":[0.333,0.333],"y":[0,0]},"n":["0_1_0p333_0","0_1_0p333_0"],"t":175,"s":[96.5,103],"e":[100,96.8]},{"i":{"x":[0,0],"y":[1,1]},"o":{"x":[0.333,0.333],"y":[0,0]},"n":["0_1_0p333_0","0_1_0p333_0"],"t":179,"s":[100,96.8],"e":[96.5,103]},{"i":{"x":[0,0],"y":[1,1]},"o":{"x":[0.333,0.333],"y":[0,0]},"n":["0_1_0p333_0","0_1_0p333_0"],"t":183,"s":[96.5,103],"e":[100,96.8]},{"i":{"x":[0,0],"y":[1,1]},"o":{"x":[0.333,0.333],"y":[0,0]},"n":["0_1_0p333_0","0_1_0p333_0"],"t":187,"s":[100,96.8],"e":[96.5,103]},{"i":{"x":[0,0],"y":[1,1]},"o":{"x":[0.333,0.333],"y":[0,0]},"n":["0_1_0p333_0","0_1_0p333_0"],"t":191,"s":[96.5,103],"e":[100,96.8]},{"t":195}],"x":"var $bm_rt;\nvar amp, freq, decay, n, n, t, t, v;\namp = 0.035;\nfreq = 1.5;\ndecay = 5.5;\n$bm_rt = n = 0;\nif (numKeys > 0) {\n    $bm_rt = n = nearestKey(time).index;\n    if (key(n).time > time) {\n        n--;\n    }\n}\nif (n == 0) {\n    $bm_rt = t = 0;\n} else {\n    $bm_rt = t = sub(time, key(n).time);\n}\nif (n > 0) {\n    v = velocityAtTime(sub(key(n).time, div(thisComp.frameDuration, 10)));\n    $bm_rt = sum(value, div(mul(mul(v, amp), Math.sin(mul(mul(mul(freq, t), 2), Math.PI))), Math.exp(mul(decay, t))));\n} else {\n    $bm_rt = value;\n}","ix":3},"r":{"a":1,"k":[{"i":{"x":[0.833],"y":[0.833]},"o":{"x":[1],"y":[0]},"n":["0p833_0p833_1_0"],"t":28,"s":[138],"e":[0]},{"t":43}],"x":"var $bm_rt;\nvar amp, freq, decay, n, n, t, t, v;\namp = 0.035;\nfreq = 1.5;\ndecay = 5.5;\n$bm_rt = n = 0;\nif (numKeys > 0) {\n    $bm_rt = n = nearestKey(time).index;\n    if (key(n).time > time) {\n        n--;\n    }\n}\nif (n == 0) {\n    $bm_rt = t = 0;\n} else {\n    $bm_rt = t = sub(time, key(n).time);\n}\nif (n > 0) {\n    v = velocityAtTime(sub(key(n).time, div(thisComp.frameDuration, 10)));\n    $bm_rt = sum(value, div(mul(mul(v, amp), Math.sin(mul(mul(mul(freq, t), 2), Math.PI))), Math.exp(mul(decay, t))));\n} else {\n    $bm_rt = value;\n}","ix":6},"o":{"a":0,"k":100,"ix":7},"sk":{"a":0,"k":0,"ix":4},"sa":{"a":0,"k":0,"ix":5},"nm":"Transform"}],"nm":"Group 15","np":2,"mn":"ADBE Vector Group"},{"ty":"tr","p":{"a":0,"k":[956.655,556.082],"ix":2},"a":{"a":0,"k":[956.655,556.082],"ix":1},"s":{"a":0,"k":[100,100],"ix":3},"r":{"a":0,"k":0,"ix":6},"o":{"a":0,"k":100,"ix":7},"sk":{"a":0,"k":0,"ix":4},"sa":{"a":0,"k":0,"ix":5},"nm":"Transform"}],"nm":"body","np":3,"mn":"ADBE Vector Group"},{"ty":"gr","it":[{"ind":0,"ty":"sh","ks":{"a":0,"k":{"i":[[0,0],[0,0],[0,0],[0,0]],"o":[[0,0],[0,0],[0,0],[0,0]],"v":[[12.383,2.913],[-12.383,2.913],[-12.383,-2.913],[12.383,-2.913]],"c":true}},"nm":"Path 1","mn":"ADBE Vector Shape - Group"},{"ty":"st","c":{"a":0,"k":[0.24,0.26,0.28,1]},"o":{"a":0,"k":100},"w":{"a":0,"k":3},"lc":2,"lj":2,"nm":"Stroke 1","mn":"ADBE Vector Graphic - Stroke"},{"ty":"tr","p":{"a":0,"k":[956.815,574.07],"ix":2},"a":{"a":0,"k":[0,-3.11],"ix":1},"s":{"a":1,"k":[{"i":{"x":[0.833,0.833],"y":[0.833,0.833]},"o":{"x":[1,1],"y":[0,0]},"n":["0p833_0p833_1_0","0p833_0p833_1_0"],"t":36,"s":[0,0],"e":[100,100]},{"i":{"x":[0.007,0.007],"y":[0.007,0.007]},"o":{"x":[0.167,0.167],"y":[0.167,0.167]},"n":["0p007_0p007_0p167_0p167","0p007_0p007_0p167_0p167"],"t":51,"s":[100,100],"e":[100,100]},{"i":{"x":[0,0],"y":[1,1]},"o":{"x":[0.333,0.333],"y":[0,0]},"n":["0_1_0p333_0","0_1_0p333_0"],"t":67,"s":[100,100],"e":[97,97]},{"i":{"x":[0,0],"y":[1,1]},"o":{"x":[0.333,0.333],"y":[0,0]},"n":["0_1_0p333_0","0_1_0p333_0"],"t":71,"s":[97,97],"e":[103,103]},{"i":{"x":[0,0],"y":[1,1]},"o":{"x":[0.333,0.333],"y":[0,0]},"n":["0_1_0p333_0","0_1_0p333_0"],"t":75,"s":[103,103],"e":[97,97]},{"i":{"x":[0,0],"y":[1,1]},"o":{"x":[0.333,0.333],"y":[0,0]},"n":["0_1_0p333_0","0_1_0p333_0"],"t":79,"s":[97,97],"e":[103,103]},{"i":{"x":[0,0],"y":[1,1]},"o":{"x":[0.333,0.333],"y":[0,0]},"n":["0_1_0p333_0","0_1_0p333_0"],"t":83,"s":[103,103],"e":[97,97]},{"i":{"x":[0,0],"y":[1,1]},"o":{"x":[0.333,0.333],"y":[0,0]},"n":["0_1_0p333_0","0_1_0p333_0"],"t":87,"s":[97,97],"e":[103,103]},{"i":{"x":[0,0],"y":[1,1]},"o":{"x":[0.333,0.333],"y":[0,0]},"n":["0_1_0p333_0","0_1_0p333_0"],"t":91,"s":[103,103],"e":[97,97]},{"i":{"x":[0,0],"y":[1,1]},"o":{"x":[0.333,0.333],"y":[0,0]},"n":["0_1_0p333_0","0_1_0p333_0"],"t":95,"s":[97,97],"e":[103,103]},{"i":{"x":[0,0],"y":[1,1]},"o":{"x":[0.333,0.333],"y":[0,0]},"n":["0_1_0p333_0","0_1_0p333_0"],"t":99,"s":[103,103],"e":[97,97]},{"i":{"x":[0,0],"y":[1,1]},"o":{"x":[0.333,0.333],"y":[0,0]},"n":["0_1_0p333_0","0_1_0p333_0"],"t":103,"s":[97,97],"e":[103,103]},{"i":{"x":[0,0],"y":[1,1]},"o":{"x":[0.333,0.333],"y":[0,0]},"n":["0_1_0p333_0","0_1_0p333_0"],"t":107,"s":[103,103],"e":[97,97]},{"i":{"x":[0,0],"y":[1,1]},"o":{"x":[0.333,0.333],"y":[0,0]},"n":["0_1_0p333_0","0_1_0p333_0"],"t":111,"s":[97,97],"e":[103,103]},{"i":{"x":[0,0],"y":[1,1]},"o":{"x":[0.333,0.333],"y":[0,0]},"n":["0_1_0p333_0","0_1_0p333_0"],"t":115,"s":[103,103],"e":[97,97]},{"i":{"x":[0,0],"y":[1,1]},"o":{"x":[0.333,0.333],"y":[0,0]},"n":["0_1_0p333_0","0_1_0p333_0"],"t":119,"s":[97,97],"e":[103,103]},{"i":{"x":[0,0],"y":[1,1]},"o":{"x":[0.333,0.333],"y":[0,0]},"n":["0_1_0p333_0","0_1_0p333_0"],"t":123,"s":[103,103],"e":[97,97]},{"i":{"x":[0,0],"y":[1,1]},"o":{"x":[0.333,0.333],"y":[0,0]},"n":["0_1_0p333_0","0_1_0p333_0"],"t":127,"s":[97,97],"e":[103,103]},{"i":{"x":[0,0],"y":[1,1]},"o":{"x":[0.167,0.167],"y":[0,0]},"n":["0_1_0p167_0","0_1_0p167_0"],"t":131,"s":[103,103],"e":[97,97]},{"i":{"x":[0,0],"y":[1,1]},"o":{"x":[0.333,0.333],"y":[0,0]},"n":["0_1_0p333_0","0_1_0p333_0"],"t":136,"s":[97,97],"e":[103,103]},{"i":{"x":[0,0],"y":[1,1]},"o":{"x":[0.333,0.333],"y":[0,0]},"n":["0_1_0p333_0","0_1_0p333_0"],"t":140,"s":[103,103],"e":[97,97]},{"i":{"x":[0,0],"y":[1,1]},"o":{"x":[0.333,0.333],"y":[0,0]},"n":["0_1_0p333_0","0_1_0p333_0"],"t":144,"s":[97,97],"e":[103,103]},{"i":{"x":[0,0],"y":[1,1]},"o":{"x":[0.333,0.333],"y":[0,0]},"n":["0_1_0p333_0","0_1_0p333_0"],"t":148,"s":[103,103],"e":[97,97]},{"i":{"x":[0,0],"y":[1,1]},"o":{"x":[0.333,0.333],"y":[0,0]},"n":["0_1_0p333_0","0_1_0p333_0"],"t":152,"s":[97,97],"e":[103,103]},{"i":{"x":[0,0],"y":[1,1]},"o":{"x":[0.333,0.333],"y":[0,0]},"n":["0_1_0p333_0","0_1_0p333_0"],"t":156,"s":[103,103],"e":[97,97]},{"i":{"x":[0,0],"y":[1,1]},"o":{"x":[0.333,0.333],"y":[0,0]},"n":["0_1_0p333_0","0_1_0p333_0"],"t":160,"s":[97,97],"e":[103,103]},{"i":{"x":[0,0],"y":[1,1]},"o":{"x":[0.333,0.333],"y":[0,0]},"n":["0_1_0p333_0","0_1_0p333_0"],"t":164,"s":[103,103],"e":[97,97]},{"i":{"x":[0,0],"y":[1,1]},"o":{"x":[0.333,0.333],"y":[0,0]},"n":["0_1_0p333_0","0_1_0p333_0"],"t":168,"s":[97,97],"e":[103,103]},{"i":{"x":[0,0],"y":[1,1]},"o":{"x":[0.333,0.333],"y":[0,0]},"n":["0_1_0p333_0","0_1_0p333_0"],"t":172,"s":[103,103],"e":[97,97]},{"i":{"x":[0,0],"y":[1,1]},"o":{"x":[0.333,0.333],"y":[0,0]},"n":["0_1_0p333_0","0_1_0p333_0"],"t":176,"s":[97,97],"e":[103,103]},{"i":{"x":[0,0],"y":[1,1]},"o":{"x":[0.333,0.333],"y":[0,0]},"n":["0_1_0p333_0","0_1_0p333_0"],"t":180,"s":[103,103],"e":[97,97]},{"i":{"x":[0,0],"y":[1,1]},"o":{"x":[0.333,0.333],"y":[0,0]},"n":["0_1_0p333_0","0_1_0p333_0"],"t":184,"s":[97,97],"e":[103,103]},{"i":{"x":[0,0],"y":[1,1]},"o":{"x":[0.333,0.333],"y":[0,0]},"n":["0_1_0p333_0","0_1_0p333_0"],"t":188,"s":[103,103],"e":[97,97]},{"i":{"x":[0,0],"y":[1,1]},"o":{"x":[0.333,0.333],"y":[0,0]},"n":["0_1_0p333_0","0_1_0p333_0"],"t":192,"s":[97,97],"e":[103,103]},{"t":196}],"x":"var $bm_rt;\nvar amp, freq, decay, n, n, t, t, v;\namp = 0.035;\nfreq = 1.5;\ndecay = 5.5;\n$bm_rt = n = 0;\nif (numKeys > 0) {\n    $bm_rt = n = nearestKey(time).index;\n    if (key(n).time > time) {\n        n--;\n    }\n}\nif (n == 0) {\n    $bm_rt = t = 0;\n} else {\n    $bm_rt = t = sub(time, key(n).time);\n}\nif (n > 0) {\n    v = velocityAtTime(sub(key(n).time, div(thisComp.frameDuration, 10)));\n    $bm_rt = sum(value, div(mul(mul(v, amp), Math.sin(mul(mul(mul(freq, t), 2), Math.PI))), Math.exp(mul(decay, t))));\n} else {\n    $bm_rt = value;\n}","ix":3},"r":{"a":0,"k":0,"ix":6},"o":{"a":0,"k":100,"ix":7},"sk":{"a":0,"k":0,"ix":4},"sa":{"a":0,"k":0,"ix":5},"nm":"Transform"}],"nm":"base","np":2,"mn":"ADBE Vector Group"}],"ip":0,"op":450,"st":0,"bm":0,"sr":1}]}

