{
  "images": [
    {
      "scale": "2x",
      "size": "29x29",
      "idiom": "iphone"
    },
    {
      "scale": "3x",
      "size": "29x29",
      "idiom": "iphone"
    },
    {
      "scale": "2x",
      "size": "40x40",
      "idiom": "iphone"
    },
    {
      "scale": "3x",
      "size": "40x40",
      "idiom": "iphone"
    },
    {
      "scale": "2x",
      "size": "60x60",
      "idiom": "iphone"
    },
    {
      "scale": "3x",
      "size": "60x60",
      "idiom": "iphone"
    },
    {
      "scale": "1x",
      "size": "29x29",
      "idiom": "ipad"
    },
    {
      "scale": "2x",
      "size": "29x29",
      "idiom": "ipad"
    },
    {
      "scale": "1x",
      "size": "40x40",
      "idiom": "ipad"
    },
    {
      "scale": "2x",
      "size": "40x40",
      "idiom": "ipad"
    },
    {
      "scale": "1x",
      "size": "76x76",
      "idiom": "ipad"
    },
    {
      "scale": "2x",
      "size": "76x76",
      "idiom": "ipad"
    },
    {
      "scale": "2x",
      "size": "83.5x83.5",
      "idiom": "ipad"
    }
  ],
  "properties": {
    "pre-rendered": false
  },
  "info": {
    "version": 1,
    "author": ""
  }
}